split,rows,subjects,stays,studies,dicoms,positive,negative,positive_rate
train,7866,3930,4683,7866,7866,1130,6736,0.14365624205441138
val,1734,843,1017,1734,1734,221,1513,0.12745098039215685
test,1739,844,1011,1739,1739,235,1504,0.13513513513513514
