split,rows,subjects,stays,studies,dicoms,positive,negative,positive_rate
train,8020,3931,4726,8020,8020,1122,6898,0.1399002493765586
val,1624,842,996,1624,1624,227,1397,0.13977832512315272
test,1695,844,989,1695,1695,237,1458,0.13982300884955753
